{
  "seed": 0,
  "T": 50,
  "hidden": 6,
  "lr": 0.02,
  "n_steps": 1500,
  "batch": 32,
  "val_n": 512,
  "n_classes": 8,
  "lstm_final_acc": 0.990234375,
  "rnn_final_acc": 0.123046875,
  "lstm_best_acc": 1.0,
  "rnn_best_acc": 0.14453125,
  "sequences_to_95pct": 200,
  "lstm_wallclock_s": 13.869,
  "rnn_wallclock_s": 10.985,
  "confusion_lstm": [
    [
      72,
      0,
      0,
      0,
      0,
      0,
      0,
      0
    ],
    [
      0,
      62,
      0,
      0,
      0,
      0,
      0,
      0
    ],
    [
      0,
      0,
      71,
      0,
      2,
      0,
      0,
      0
    ],
    [
      0,
      0,
      0,
      63,
      0,
      0,
      0,
      0
    ],
    [
      0,
      0,
      0,
      0,
      58,
      0,
      0,
      0
    ],
    [
      0,
      0,
      0,
      0,
      0,
      71,
      0,
      0
    ],
    [
      0,
      0,
      1,
      0,
      0,
      2,
      62,
      0
    ],
    [
      0,
      0,
      0,
      0,
      0,
      0,
      0,
      48
    ]
  ],
  "steps": [
    1,
    50,
    100,
    150,
    200,
    250,
    300,
    350,
    400,
    450,
    500,
    550,
    600,
    650,
    700,
    750,
    800,
    850,
    900,
    950,
    1000,
    1050,
    1100,
    1150,
    1200,
    1250,
    1300,
    1350,
    1400,
    1450,
    1500
  ],
  "lstm_loss": [
    2.099643721748516,
    1.531628689376904,
    0.5140590472731077,
    0.25099955305979316,
    0.05488475593022342,
    0.027619135045391905,
    0.020812024104433044,
    0.014729204719102301,
    0.010456719451557447,
    0.008771827990974305,
    0.007398578837405476,
    0.005965549436495346,
    0.0050872348639288585,
    0.004459087394849244,
    0.004111133660315588,
    0.003619483552556524,
    0.0029397666896201057,
    0.0028149749883904143,
    0.002560426281886569,
    0.002398702298767391,
    0.002125125264179758,
    0.0019137549989632467,
    0.0018630773212825421,
    0.0017069850646215605,
    0.0015373904105247427,
    0.01617367014274472,
    0.003048038977034489,
    0.6607173003812469,
    0.5213980123652178,
    0.3713897437809357,
    0.4033875227140915
  ],
  "lstm_acc": [
    0.11328125,
    0.26171875,
    0.849609375,
    0.921875,
    0.986328125,
    1.0,
    1.0,
    1.0,
    1.0,
    1.0,
    1.0,
    1.0,
    1.0,
    1.0,
    1.0,
    1.0,
    1.0,
    1.0,
    1.0,
    1.0,
    1.0,
    1.0,
    1.0,
    1.0,
    1.0,
    0.9765625,
    1.0,
    0.654296875,
    0.728515625,
    0.87109375,
    0.990234375
  ],
  "rnn_loss": [
    2.0744795863140046,
    2.069218264683716,
    2.094467058322131,
    2.059440857738033,
    2.131087094034473,
    2.0439062206806113,
    2.0713337050815595,
    2.0710600760675213,
    2.1042564863638082,
    2.0718613967677686,
    2.082278464282409,
    2.0817736624236556,
    2.1153751809617543,
    2.1165354990223664,
    2.0659548659542977,
    2.0716773847724608,
    2.084171250790585,
    2.095179547710592,
    2.099572033858248,
    2.0592233297634923,
    2.0722888818471636,
    2.0857754423779613,
    2.0923811250496764,
    2.092076339922646,
    2.1093224384763403,
    2.0518083225141854,
    2.0843140030702783,
    2.0615723832481967,
    2.073151545885659,
    2.059134945916971,
    2.0823640869839695
  ],
  "rnn_acc": [
    0.123046875,
    0.130859375,
    0.107421875,
    0.130859375,
    0.123046875,
    0.142578125,
    0.09375,
    0.103515625,
    0.13671875,
    0.10546875,
    0.125,
    0.1328125,
    0.11328125,
    0.138671875,
    0.12109375,
    0.08984375,
    0.12890625,
    0.140625,
    0.142578125,
    0.123046875,
    0.12109375,
    0.138671875,
    0.138671875,
    0.140625,
    0.119140625,
    0.11328125,
    0.115234375,
    0.14453125,
    0.091796875,
    0.12109375,
    0.123046875
  ]
}